{
  "model": "unsiloedvl-table",
  "scores": [
    0.9675862193107605,
    1.0,
    1.0,
    0.8441358208656311,
    0.9632107019424438,
    0.8890569806098938,
    0.9471009969711304,
    0.8571428656578064,
    0.977130115032196,
    0.976190447807312
  ],
  "image_ids": [
    "102_png.rf.ea958fa20403ff0f3c4408f5437445a8",
    "130_png.rf.a1b1483da39bcc0c2c77909ef40e528c",
    "290_png.rf.f21f0ae937668c8795f177893497b204",
    "399_png.rf.5d63443c9aafc319b05c65004b760100",
    "41_png.rf.83a5641ef2e5cffa366f14d32d2950ee",
    "513_png.rf.a8cf1a917d1f0e77736caa6d90738069",
    "536_png.rf.2bfdfab276806838ec9d8e469f6a8294",
    "568_png.rf.0d411275d5046ee9b56cdf429b830946",
    "93_png.rf.c0f4baad00e3b51e3868a0976756e4a5",
    "95_png.rf.078ec6b979f6ef3502d431e03bc58b2e"
  ],
  "count": 10,
  "success_count": 10,
  "avg_similarity": 0.9421554148197174
}